Ramsey County - Primary,,,,,,,,,,,,,
"",1992,1994,1996,1998,2000,2002,2004,2006,2008,2010,2012,2014,2016
Number of persons registered as of 7 a.m.,"291,036","275,259","280,674","266,413","275,075","282,051","290,852","305,911","305,581","295,097","285,390","290,940","288,342"
Number of persons registered on election day,"2,303","8,513","2,903","5,809","5,699","3,125","1,338","3,177","2,434","6,348","2,071","1,654","1,721"
Number of accepted absentee ballots,"1,027","2,813","7,687","3,991","3,238","1,773","2,074","2,017","2,555","4,486","2,425","2,628","2,751"
Total number of persons voting,"43,390","103,184","49,757","74,412","78,205","49,604","19,779","50,006","42,634","70,309","37,857","34,113","35,253"
Ramsey County - General Election,,,,,,,,,,,,,
"",1992,1994,1996,1998,2000,2002,2004,2006,2008,2010,2012,2014,2016
Number of persons registered as of 7 a.m.,"280,758","278,033","287,498","270,922","282,897","285,471","303,203","310,166","317,028","297,489","279,513","292,886","305,623"
Number of persons registered on election day,"48,957","20,489","37,594","35,755","48,159","40,707","57,628","29,867","55,847","25,135","58,386","16,974","34,324"
Number of accepted absentee ballots,"17,585","11,819","27,053","12,145","15,976","10,551","23,363","13,361","30,786","11,295","24,446","19,744","64,020"
Total number of persons voting,"252,806","187,312","230,175","213,279","245,791","227,380","273,223","209,809","278,169","192,955","280,010","181,593","274,780"
City of Saint Paul - Primary,,,,,,,,,,,,
"",1993,1995,1997,1999,2001,2003,2005,2007,2009,2011,2013,2015
Number of persons registered as of 7 a.m.,"143,140","140,652","137,821","140,597","146,146","148,558","161,538","157,185","157,590",n/a,n/a,n/a
Number of persons registered on election day,"1,881",564,"1,095",826,"2,012","1,553","1,335",193,390,n/a,n/a,n/a
Number of accepted absentee ballots,"1,208","1,910","2,776","1,135","1,664",900,"1,131",337,734,n/a,n/a,n/a
Total number of persons voting,"35,883","18,550","31,668","16,928","37,994","19,226","25,303","5,606","11,672",n/a,n/a,n/a
City of Saint Paul - General Election,,,,,,,,,,,,
"",1993,1995,1997,1999,2001,2003,2005,2007,2009,2011,2013,2015
Number of persons registered as of 7 a.m.,"143,878","140,978","138,198","140,966","144,213","149,630","160,414","157,472","157,859","155,247","154,672","150,676"
Number of persons registered on election day,"3,360","1,749","3,183","7,507","3,404","1,794","4,178","1,688","1,653","1,513","1,559","1,290"
Number of accepted absentee ballots,"1,814","4,537","6,208","3,759","3,111","1,369","2,735","1,209","1,224","1,235","1,280","1,172"
Total number of persons voting,"63,915","43,690","61,362","76,326","59,864","32,652","59,509","30,620","34,411","30,682","31,175","27,923"
